date,text,likes,retweets
2025-08-25 11:12:24+00:00,@ActiveIndex ç§ã‚‚AIã«å¯¾ã™ã‚‹æœŸå¾…å€¤ã¯RPAã¨åŒç¨‹åº¦ã‹ãã‚Œä»¥ä¸Šã§ã™ï¼ãˆã‚‰ããªã‚Œã¾ã™ã‹ï¼Ÿ,0,0
2025-08-25 11:12:24+00:00,"RT @yachimat_manga: AIã‚¢ãƒ‹ãƒ¡ã‚³ãƒ³ãƒˆï¼šé–¢è¥¿å¼ç¿»è¨³æ©Ÿ
nano-banana
Vidu Q1
Gemini 2.5 Pro TTS

ä¼šè©±åŠ‡ã ã¨å‹•ãã‚‚å°‘ãªã„ã®ã§åƒ•ã¯ViduãŒãŠã™ã™ã‚ï¼ä»Šã‚„nano-bananaã§ã‚¢ãƒ³ã‚°ãƒ«ã‚°ãƒªã‚°ãƒªå‹•ã‹ã›ã‚‹ã®ã§ã€ã‚«ãƒƒãƒˆæ•°ã‚‚å¤šããªã£â€¦",0,13
2025-08-25 11:12:24+00:00,ã€LIVEã€‘å…šå“¡ã‚µãƒãƒ¼ã‚¿ãƒ¼ã‚¤ãƒ™ãƒ³ãƒˆã€æ•™è‚²AIã‚µãƒŸãƒƒãƒˆã€ãªã©ãªã© https://t.co/EpCn6nT8dh @YouTubeã‚ˆã‚Š,0,0
2025-08-25 11:12:24+00:00,"#å¤ã®å‹ã®ä¼š25
Hiro@AIãŠçµµæãã®äºº 8æšç›®

ã€æ¶¼é¢¨ã®ä¸­ã®å¤é›«ã€ https://t.co/eZffdgbYyF",0,0
2025-08-25 11:12:24+00:00,RT @davidicke: Why is ANYONE asking 'Grok' anything? It's the AI control system pulling you in step by step and when I see the 'alternativeâ€¦,0,89
2025-08-25 11:12:24+00:00,"RT @gigazine: ä¸€è¦‹ç„¡å®³ãªç”»åƒã®ä¸­ã«æ–‡å­—åˆ—ã‚’åŸ‹ã‚è¾¼ã‚“ã§AIã‚’æ”»æ’ƒã™ã‚‹æã‚‹ã¹ãæ‰‹æ³•ãŒç™ºè¦‹ã•ã‚Œã‚‹
https://t.co/IGs9G7VT8C",0,57
2025-08-25 11:12:24+00:00,@Jerryblaze22 I reached my DM limit. Get my ChatGPT &amp; AI Passive Income Guide for free here: https://t.co/BwekDL23tJ,0,0
2025-08-25 11:12:24+00:00,RT @do0nlyone: à¸•à¸­à¸™ ai à¸šà¸­à¸à¸•à¸¸à¸§à¹€à¸­à¸‡à¹€à¸›à¹‡à¸™ superstar kid à¸¡à¸²à¸™à¹à¸­à¸šà¸®à¹‰à¸­à¸šà¸šà¸šà¸š 5555555555555555555 https://t.co/ZaS8J9Mr9y,0,6035
2025-08-25 11:12:24+00:00,"å›¾è¡¨ï¼šhttps://t.co/dCCyBHBV5V

å·¥å…·ï¼šhttps://t.co/4CJbrKPP49

TG æœºå™¨äººï¼šhttps://t.co/wgddlT7Vb6

é¢‘é“ï¼šhttps://t.co/Eh4n9gRSvv",0,0
2025-08-25 11:12:24+00:00,"@OlayanjuAyobami @OpenledgerHQ OpenLedger sounds like a game changer making AI transparent, fair, and rewarding for the whole community. Excited to see it in action.",0,0
2025-08-25 11:12:24+00:00,RT @maiscquica: jâ€™ai jamais captÃ© l intÃ©rÃªt de dire Ã  quelquâ€™un quâ€™il est moche (bien sÃ»r des fois câ€™est mÃ©ritÃ©) mais genre quelquâ€™un trklâ€¦,0,12
2025-08-25 11:12:24+00:00,"thank u po for purchasing chatgpt pro!ğŸ¥°

#daniellegitt
 
 PREMIUM ACCOUNT FOR SALE!

t. wtb wts lfb lfs gizmo solo share gizmo ai loklok netflix dazzcam flashcards study tips buddy books quizlet chatgpt educational education ph premium account fast fix drop bini tool memorizing https://t.co/9EfabJeIru",0,0
2025-08-25 11:12:24+00:00,"RT @bluwhaleai: Your portfolio moves with the market.
Now your Bluwhale profile paces it with AI, too. ğŸŒ€

Introducing Daily Outlook ğŸª
A livâ€¦",0,197
2025-08-25 11:12:24+00:00,"RT @socioagent: ğŸ¤ Meet Socio, AI social agent powered by Zoro-AI

Socio is an open-source AI agent for social media management. It lets youâ€¦",0,639
2025-08-25 11:12:24+00:00,"@Ririri_103022 ã•ã‚“
ã„ã„ã­ã€ãƒªãƒ—ã‚ã‚ŠãŒã¨ã†ã”ã–ã„ã¾ã™ï¼

ä»Šå¾Œã®ä¼ç”»è¦‹é€ƒã•ãªã„ã‚ˆã†ã«ã‚¢ã‚«ã‚¦ãƒ³ãƒˆãƒ•ã‚©ãƒ­ãƒ¼ã—ã¦ãŠã„ã¦ãã ã•ã„ã­ã€‚
@aipan_ai

ä»Šå›ã®ä¼ç”»ã¯ã€
â†“ã“ã¡ã‚‰ã‹ã‚‰LINEè¿½åŠ å¾Œã€
https://t.co/qUrQsLRYVt

ã€Œçˆ†ç¬‘ã€ã¨é€ã£ã¦ã­ã€‚

â€»ã™ã§ã«LINEã‚’è¿½åŠ ã•ã‚Œã¦ã„ã‚‹æ–¹ã¯ã€ https://t.co/YXV3Q6wBmc",0,0
2025-08-25 11:12:24+00:00,RT @Areliannn: Jâ€™ai trouvÃ© sa mÃ¨re sur Facebook jâ€™lui envoie ? Sayez 2025 on affiche plus rien Ã  foutre https://t.co/Ps2dAJbTRB,0,359
2025-08-25 11:12:24+00:00,"RT @iGAM3_ai: Smart Edge, Real AI. Sleek Design

Only on @peaq

Join the movement to earn rewards &amp; boost airdrop SS2 with special discountâ€¦",0,25
2025-08-25 11:12:24+00:00,RT @linabombordira: https://t.co/ZxX9JHaXLB,0,139
2025-08-25 11:12:24+00:00,RT @a_birdday: à¸šà¸²à¸‡à¸„à¸™à¹€à¸‚à¹‰à¸²à¹ƒà¸ˆà¸§à¹ˆà¸²à¸à¸£à¸¡à¸—à¸³ à¸ˆà¸£à¸´à¸‡à¹†à¸à¸£à¸¡à¹„à¸¡à¹ˆà¹„à¸”à¹‰à¸—à¸³ à¸•à¹‰à¸™à¸—à¸²à¸‡à¹€à¸„à¹‰à¸²à¸—à¸³à¸¡à¸µà¸¡à¹à¸‹à¸§à¸„à¸²à¹à¸£à¸„à¹€à¸•à¸­à¸£à¹Œà¸à¸£à¸¡à¸­à¸¸à¸•à¸¸à¹€à¸‰à¸¢à¹† à¸™à¸µà¹ˆà¸ªà¸‡à¸ªà¸±à¸¢à¸‚à¸­à¸šà¸à¸²à¸£à¸§à¸µà¸™à¹€à¸£à¸·à¹ˆà¸­à¸‡ai à¸¡à¸²à¸ à¸„à¸·à¸­à¸„à¸™à¸›à¸à¸•à¸´à¸—à¸±à¹ˆà¸§à¹„à¸›à¸­à¸¢â€¦,0,2744
2025-08-25 11:12:24+00:00,Â«Â 250 songsÂ Â» pourquoi je lâ€™ai Ã©crit en anglais ?????????????????????,0,0
